{
   "FileVersion":2,
   "L10nRef":"armsta1",
   "DateTime":"2019-12-22 16:32:00",
   "Panel":{
      "AccountNumber":"******",
      "SerialNumber":"*******",
      "Anomaly.enum":null
   },
   "GeneralConfiguration":{
      "PartitionActive":false,
      "XtenderActive":false,
      "Normal":{
         "ArmMode.enum":[
            1,
            1,
            1,
            1
         ]
      },
      "SP1":{
         "Name":"NUIT",
         "ArmMode.enum":[
            1,
            0,
            1,
            0
         ]
      },
      "SP2":{
         "Name":"NUIT TOTALE",
         "ArmMode.enum":[
            1,
            1,
            1,
            0
         ]
      },
      "ExitDelay":45
   },
   "Devices":[
      {
         "DeviceIndex":2,
         "DeviceByTypeIndex":1,
         "DetectorIndex":1,
         "SerialNumber":"*****",
         "Name":"PORTE D ENTREE",
         "External":true,
         "Perimetral":true,
         "Type.enum":8,
         "ArmStatus.enum":0,
         "Anomaly.enum":null,
         "DeviceDependantFields":{
            "Delay":0
         }
      },
      {
         "DeviceIndex":3,
         "DeviceByTypeIndex":1,
         "DetectorIndex":2,
         "SerialNumber":"*******",
         "Name":"SEJOUR",
         "External":false,
         "Perimetral":false,
         "Type.enum":6,
         "ArmStatus.enum":0,
         "Anomaly.enum":null,
         "DeviceDependantFields":null
      },
      {
         "DeviceIndex":4,
         "DeviceByTypeIndex":2,
         "DetectorIndex":3,
         "SerialNumber":"*******",
         "Name":"SOUS SOL",
         "External":false,
         "Perimetral":false,
         "Type.enum":6,
         "ArmStatus.enum":0,
         "Anomaly.enum":null,
         "DeviceDependantFields":null
      },
      {
         "DeviceIndex":5,
         "DeviceByTypeIndex":1,
         "DetectorIndex":4,
         "SerialNumber":"********",
         "Name":"ETAGE",
         "External":false,
         "Perimetral":false,
         "Type.enum":7,
         "ArmStatus.enum":0,
         "Anomaly.enum":null,
         "DeviceDependantFields":null
      }
   ],
   "Areas":[
      {
         "Name":"TEMPO",
         "Delayed":true,
         "Devices":[
            2
         ],
         "ArmStatus.enum":0
      },
      {
         "Name":"RDC",
         "Delayed":false,
         "Devices":[
            3
         ],
         "ArmStatus.enum":0
      },
      {
         "Name":"SOUS SOL",
         "Delayed":false,
         "Devices":[
            4
         ],
         "ArmStatus.enum":0
      },
      {
         "Name":"ETAGE",
         "Delayed":false,
         "Devices":[
            5
         ],
         "ArmStatus.enum":0
      }
   ],
   "Area24":{
      "Devices":null
   },
   "Partitions":[
      {
         "Name":"PA1",
         "Areas":[
            1,
            2
         ],
         "ArmStatus.enum":1
      },
      {
         "Name":"PA2",
         "Areas":[
            3,
            4
         ],
         "ArmStatus.enum":1
      }
   ],
   "StandardArmStatus.enum":1
}
